personId,gender,age(15~60)
9200000000000000000 ,male,22
9140000000000000000 ,female,15
9110000000000000000 ,male,49
9010000000000000000 ,male,55
8970000000000000000 ,male,37
8960000000000000000 ,female,45
8940000000000000000 ,female,31
8920000000000000000 ,male,59
8910000000000000000 ,male,26
8860000000000000000 ,male,41
8840000000000000000 ,male,60
8810000000000000000 ,female,49
8770000000000000000 ,male,43
8700000000000000000 ,male,19
8680000000000000000 ,female,35
8660000000000000000 ,male,37
8620000000000000000 ,male,54
8570000000000000000 ,female,60
8560000000000000000 ,male,39
8520000000000000000 ,male,52
8420000000000000000 ,female,47
8410000000000000000 ,male,27
8350000000000000000 ,female,58
8340000000000000000 ,male,15
8250000000000000000 ,female,35
8240000000000000000 ,female,26
8200000000000000000 ,female,42
8190000000000000000 ,male,42
8160000000000000000 ,male,20
8140000000000000000 ,female,50
8110000000000000000 ,male,45
8030000000000000000 ,male,58
7950000000000000000 ,female,52
7890000000000000000 ,female,24
7870000000000000000 ,female,22
7840000000000000000 ,male,55
7780000000000000000 ,male,57
7770000000000000000 ,female,44
7740000000000000000 ,male,19
7710000000000000000 ,male,49
7700000000000000000 ,female,42
7590000000000000000 ,male,39
7560000000000000000 ,female,56
7530000000000000000 ,female,56
7420000000000000000 ,female,47
7390000000000000000 ,female,32
7310000000000000000 ,female,55
7300000000000000000 ,female,34
7290000000000000000 ,male,18
7240000000000000000 ,female,59
7210000000000000000 ,female,47
7170000000000000000 ,male,59
7130000000000000000 ,female,45
7050000000000000000 ,male,21
7030000000000000000 ,male,39
7020000000000000000 ,male,27
7000000000000000000 ,male,20
6970000000000000000 ,male,52
6950000000000000000 ,female,55
6880000000000000000 ,male,23
6760000000000000000 ,male,34
6740000000000000000 ,male,23
6690000000000000000 ,female,23
6650000000000000000 ,female,38
6640000000000000000 ,male,15
6570000000000000000 ,male,24
6530000000000000000 ,male,15
6460000000000000000 ,male,37
6260000000000000000 ,male,53
6230000000000000000 ,male,28
6200000000000000000 ,male,25
6180000000000000000 ,female,52
6040000000000000000 ,female,21
6030000000000000000 ,male,52
6010000000000000000 ,female,49
6000000000000000000 ,female,17
5970000000000000000 ,female,37
5750000000000000000 ,male,29
5710000000000000000 ,male,43
5680000000000000000 ,male,15
5660000000000000000 ,male,32
5620000000000000000 ,female,15
5600000000000000000 ,male,58
5510000000000000000 ,female,31
5490000000000000000 ,female,35
5400000000000000000 ,female,38
5330000000000000000 ,male,38
5220000000000000000 ,female,54
5210000000000000000 ,female,46
5180000000000000000 ,male,56
5130000000000000000 ,female,27
5030000000000000000 ,female,19
5020000000000000000 ,male,41
5000000000000000000 ,female,18
4970000000000000000 ,female,29
4950000000000000000 ,male,25
4920000000000000000 ,male,17
4670000000000000000 ,male,56
4570000000000000000 ,female,20
4540000000000000000 ,male,35
4520000000000000000 ,female,16
4430000000000000000 ,male,19
4340000000000000000 ,female,59
4310000000000000000 ,female,49
4250000000000000000 ,male,32
4230000000000000000 ,male,31
4210000000000000000 ,female,41
4160000000000000000 ,male,53
4140000000000000000 ,male,57
4110000000000000000 ,male,20
4080000000000000000 ,male,35
3950000000000000000 ,male,26
3940000000000000000 ,female,22
3920000000000000000 ,male,20
3890000000000000000 ,female,34
3860000000000000000 ,male,53
3830000000000000000 ,male,19
3810000000000000000 ,female,37
3740000000000000000 ,female,22
3730000000000000000 ,male,48
3690000000000000000 ,male,40
3640000000000000000 ,male,40
3620000000000000000 ,male,57
3610000000000000000 ,male,51
3590000000000000000 ,female,31
3580000000000000000 ,female,58
3510000000000000000 ,male,44
3500000000000000000 ,female,22
3470000000000000000 ,female,37
3430000000000000000 ,female,58
3410000000000000000 ,female,30
3400000000000000000 ,male,40
3380000000000000000 ,female,16
3300000000000000000 ,female,21
3260000000000000000 ,female,41
3220000000000000000 ,male,27
3120000000000000000 ,male,17
3110000000000000000 ,female,39
3090000000000000000 ,female,25
3060000000000000000 ,male,35
3010000000000000000 ,female,48
2970000000000000000 ,female,28
2960000000000000000 ,female,48
2950000000000000000 ,male,53
2940000000000000000 ,female,33
2900000000000000000 ,female,33
2880000000000000000 ,female,50
2870000000000000000 ,male,43
2830000000000000000 ,female,23
2790000000000000000 ,male,30
2770000000000000000 ,male,52
2750000000000000000 ,male,59
2740000000000000000 ,female,56
2710000000000000000 ,male,60
2680000000000000000 ,male,34
2650000000000000000 ,female,48
2550000000000000000 ,female,33
2540000000000000000 ,female,48
2420000000000000000 ,male,29
2320000000000000000 ,male,17
2290000000000000000 ,female,32
2280000000000000000 ,female,38
2220000000000000000 ,female,60
2150000000000000000 ,female,51
2060000000000000000 ,female,19
1960000000000000000 ,female,37
1950000000000000000 ,female,32
1910000000000000000 ,male,52
1900000000000000000 ,female,46
1770000000000000000 ,female,46
1750000000000000000 ,female,56
1720000000000000000 ,female,52
1670000000000000000 ,female,31
1620000000000000000 ,male,59
1560000000000000000 ,male,41
1490000000000000000 ,female,35
1370000000000000000 ,female,25
1320000000000000000 ,male,29
1310000000000000000 ,male,22
1300000000000000000 ,male,40
1230000000000000000 ,male,27
1200000000000000000 ,male,18
1120000000000000000 ,female,31
1070000000000000000 ,male,52
1060000000000000000 ,male,34
1040000000000000000 ,female,22
989000000000000000 ,female,34
910000000000000000 ,female,35
909000000000000000 ,female,58
907000000000000000 ,male,41
882000000000000000 ,male,44
817000000000000000 ,female,46
802000000000000000 ,female,17
694000000000000000 ,female,24
693000000000000000 ,female,47
675000000000000000 ,female,45
671000000000000000 ,male,16
627000000000000000 ,male,56
535000000000000000 ,female,16
495000000000000000 ,female,26
490000000000000000 ,female,52
435000000000000000 ,male,39
364000000000000000 ,male,31
344000000000000000 ,female,34
301000000000000000 ,female,41
293000000000000000 ,female,46
269000000000000000 ,male,59
265000000000000000 ,male,24
22800000000000000 ,female,44
-35400000000000000 ,male,25
-41500000000000000 ,female,30
-48200000000000000 ,male,52
-109000000000000000 ,female,42
-230000000000000000 ,male,42
-290000000000000000 ,male,40
-293000000000000000 ,male,40
-300000000000000000 ,female,56
-315000000000000000 ,male,39
-388000000000000000 ,male,40
-444000000000000000 ,female,35
-445000000000000000 ,female,52
-454000000000000000 ,female,45
-483000000000000000 ,female,22
-492000000000000000 ,female,32
-511000000000000000 ,female,30
-535000000000000000 ,female,18
-588000000000000000 ,female,16
-709000000000000000 ,male,33
-867000000000000000 ,male,50
-1030000000000000000 ,female,36
-1130000000000000000 ,female,18
-1250000000000000000 ,female,30
-1260000000000000000 ,male,44
-1290000000000000000 ,male,15
-1350000000000000000 ,male,59
-1370000000000000000 ,female,39
-1390000000000000000 ,male,25
-1410000000000000000 ,male,49
-1440000000000000000 ,female,33
-1450000000000000000 ,female,50
-1480000000000000000 ,male,52
-1500000000000000000 ,female,40
-1550000000000000000 ,female,20
-1560000000000000000 ,female,35
-1580000000000000000 ,female,19
-1600000000000000000 ,male,49
-1620000000000000000 ,female,29
-1800000000000000000 ,male,48
-1840000000000000000 ,male,55
-1850000000000000000 ,male,56
-1860000000000000000 ,male,33
-1890000000000000000 ,male,40
-2050000000000000000 ,male,24
-2180000000000000000 ,male,37
-2230000000000000000 ,male,26
-2340000000000000000 ,male,34
-2350000000000000000 ,male,48
-2370000000000000000 ,male,35
-2390000000000000000 ,male,44
-2460000000000000000 ,male,55
-2470000000000000000 ,female,26
-2510000000000000000 ,female,46
-2530000000000000000 ,female,31
-2620000000000000000 ,male,37
-2630000000000000000 ,female,44
-2730000000000000000 ,male,58
-2770000000000000000 ,male,48
-2820000000000000000 ,female,37
-2900000000000000000 ,male,26
-2920000000000000000 ,female,32
-2980000000000000000 ,female,17
-2990000000000000000 ,female,24
-3060000000000000000 ,female,31
-3100000000000000000 ,female,21
-3110000000000000000 ,male,41
-3200000000000000000 ,male,37
-3230000000000000000 ,female,28
-3330000000000000000 ,male,51
-3360000000000000000 ,female,35
-3390000000000000000 ,male,26
-3400000000000000000 ,female,24
-3450000000000000000 ,male,50
-3460000000000000000 ,male,52
-3470000000000000000 ,male,55
-3500000000000000000 ,female,35
-3510000000000000000 ,female,42
-3600000000000000000 ,male,24
-3620000000000000000 ,female,19
-3640000000000000000 ,male,22
-3810000000000000000 ,female,32
-3950000000000000000 ,male,25
-4030000000000000000 ,male,37
-4050000000000000000 ,female,47
-4090000000000000000 ,male,55
-4160000000000000000 ,female,43
-4170000000000000000 ,male,54
-4240000000000000000 ,female,19
-4250000000000000000 ,female,27
-4290000000000000000 ,female,47
-4300000000000000000 ,male,32
-4310000000000000000 ,female,16
-4380000000000000000 ,female,29
-4470000000000000000 ,female,19
-4490000000000000000 ,male,25
-4590000000000000000 ,male,19
-4630000000000000000 ,male,34
-4650000000000000000 ,male,30
-4740000000000000000 ,female,30
-4750000000000000000 ,male,33
-4830000000000000000 ,female,53
-5000000000000000000 ,male,41
-5050000000000000000 ,male,30
-5090000000000000000 ,female,55
-5230000000000000000 ,male,44
-5260000000000000000 ,female,46
-5290000000000000000 ,female,37
-5370000000000000000 ,female,59
-5380000000000000000 ,male,28
-5390000000000000000 ,male,49
-5440000000000000000 ,female,36
-5530000000000000000 ,male,18
-5560000000000000000 ,female,59
-5610000000000000000 ,male,22
-5650000000000000000 ,female,43
-5710000000000000000 ,female,40
-5800000000000000000 ,male,27
-5820000000000000000 ,female,47
-5870000000000000000 ,female,42
-6000000000000000000 ,male,46
-6030000000000000000 ,female,59
-6070000000000000000 ,male,39
-6150000000000000000 ,female,33
-6190000000000000000 ,female,33
-6200000000000000000 ,female,50
-6270000000000000000 ,female,23
-6320000000000000000 ,male,28
-6340000000000000000 ,female,32
-6350000000000000000 ,male,60
-6530000000000000000 ,female,55
-6550000000000000000 ,male,57
-6670000000000000000 ,male,37
-6730000000000000000 ,female,56
-6790000000000000000 ,male,57
-6810000000000000000 ,male,17
-6850000000000000000 ,female,46
-6870000000000000000 ,male,54
-6880000000000000000 ,female,35
-6900000000000000000 ,male,33
-6940000000000000000 ,male,52
-6950000000000000000 ,female,49
-7000000000000000000 ,female,30
-7040000000000000000 ,female,57
-7240000000000000000 ,female,22
-7270000000000000000 ,male,31
-7380000000000000000 ,female,25
-7460000000000000000 ,female,47
-7490000000000000000 ,female,16
-7500000000000000000 ,female,38
-7530000000000000000 ,female,46
-7540000000000000000 ,female,45
-7570000000000000000 ,female,49
-7610000000000000000 ,female,56
-7710000000000000000 ,male,30
-7900000000000000000 ,male,17
-7910000000000000000 ,female,58
-7960000000000000000 ,male,44
-7990000000000000000 ,male,17
-8020000000000000000 ,male,50
-8090000000000000000 ,male,54
-8120000000000000000 ,male,60
-8130000000000000000 ,female,18
-8240000000000000000 ,female,52
-8380000000000000000 ,female,56
-8390000000000000000 ,male,16
-8410000000000000000 ,male,46
-8430000000000000000 ,female,57
-8440000000000000000 ,male,54
-8450000000000000000 ,male,36
-8550000000000000000 ,male,44
-8610000000000000000 ,female,49
-8690000000000000000 ,male,25
-8720000000000000000 ,male,19
-8760000000000000000 ,female,44
-8780000000000000000 ,female,60
-8850000000000000000 ,female,28
-8860000000000000000 ,male,48
-8890000000000000000 ,female,16
-8990000000000000000 ,male,46
-9000000000000000000 ,female,25
-9010000000000000000 ,male,20
-9020000000000000000 ,female,46
-9050000000000000000 ,male,18
-9060000000000000000 ,male,25
-9110000000000000000 ,male,15
-9160000000000000000 ,female,54
-9170000000000000000 ,female,30
-9220000000000000000 ,male,29
